Workbook

Sheet Results
A1: Problem | B1: Algorithm | C1: BestFitness_Avg | D1: BestFitness_Std | E1: BestFitness_Min | F1: BestFitness_Max | G1: ExecutionTime_Avg_s | H1: ExecutionTime_Std_s | I1: TotalDistance_Avg | J1: TotalDistance_Std
A2: 1 | B2: GA | C2: 38.267402 | D2: 0.94360821 | E2: 37.198745 | F2: 38.985784 | G2: 212.28428 | H2: 10.706837 | I2: 36.690276 | J2: 1.0874656
A3: 1 | B3: RL-GA | C3: 37.457802 | D3: 3.0494683 | E3: 34.445856 | F3: 40.543457 | G3: 249.1539 | H3: 21.734186 | I3: 36.084225 | J3: 3.0628814
A4: 2 | B4: GA | C4: 31.725278 | D4: 1.4366319 | E4: 30.744176 | F4: 33.374272 | G4: 212.76933 | H4: 5.0957907 | I4: 30.19391 | J4: 1.1645404
A5: 2 | B5: RL-GA | C5: 33.329674 | D5: 4.6531972 | E5: 29.212766 | F5: 38.378202 | G5: 224.17802 | H5: 37.496179 | I5: 31.949614 | J5: 4.5986018
A6: 3 | B6: GA | C6: 34.952611 | D6: 0.18208816 | E6: 34.820092 | F6: 35.160239 | G6: 217.81724 | H6: 3.6322033 | I6: 33.250786 | J6: 0.060015833
A7: 3 | B7: RL-GA | C7: 32.959892 | D7: 4.7558723 | E7: 27.662877 | F7: 36.863207 | G7: 267.11717 | H7: 23.838335 | I7: 31.458866 | J7: 4.6495729
A8: 4 | B8: GA | C8: 32.615643 | D8: 1.7463426 | E8: 30.624495 | F8: 33.887278 | G8: 212.83435 | H8: 1.9207319 | I8: 31.239392 | J8: 1.6478152
A9: 4 | B9: RL-GA | C9: 28.434667 | D9: 1.8880018 | E9: 27.171974 | F9: 30.605089 | G9: 259.65101 | H9: 19.000898 | I9: 26.910608 | J9: 1.8647467
A10: 5 | B10: GA | C10: 40.465703 | D10: 1.7384556 | E10: 39.38695 | F10: 42.471179 | G10: 211.47823 | H10: 4.2762256 | I10: 38.814378 | J10: 1.8765533
A11: 5 | B11: RL-GA | C11: 38.358474 | D11: 3.4342503 | E11: 35.402852 | F11: 42.125892 | G11: 233.33975 | H11: 22.753046 | I11: 36.699191 | J11: 3.5863359
A12: 6 | B12: GA | C12: 35.19531 | D12: 2.662216 | E12: 32.123216 | F12: 36.826615 | G12: 204.70212 | H12: 2.4545499 | I12: 33.62366 | J12: 2.6381181
A13: 6 | B13: RL-GA | C13: 37.158593 | D13: 1.2528814 | E13: 35.732721 | F13: 38.083373 | G13: 250.06601 | H13: 7.3418846 | I13: 35.492233 | J13: 1.1895441
... A21: 10 | B21: RL-GA | C21: 30.00473 | D21: 1.9241678 | E21: 28.687772 | F21: 32.21293 | G21: 245.36179 | H21: 15.247526 | I21: 28.611431 | J21: 1.9807864

Sheet Summary
A1: Summary comparison (lower values are better)
A3: Metric | B3: Value | D3: Notes
A4: RL-GA wins (BestFitness Avg) | B4: =COUNTIF(K11:K20,"RL-GA") -> 7 | D4: Positive improvement means RL-GA is lower/better.
A5: GA wins (BestFitness Avg) | B5: =COUNTIF(K11:K20,"GA") -> 3 | D5: Positive time change means RL-GA took longer.
A6: Ties | B6: =COUNTIF(K11:K20,"Tie") -> 0
A7: Avg BestFitness improvement | B7: =AVERAGE(D11:D20) -> 1.1755485
A8: Avg Time change (RL-GA - GA) | B8: =AVERAGE(G11:G20) -> 35.880944
A9: Avg TotalDistance improvement | B9: =AVERAGE(J11:J20) -> 1.1298593
A10: Problem | B10: GA BestFitness Avg | C10: RL-GA BestFitness Avg | D10: BestFitness Improvement | E10: GA Exec Avg (s) | F10: RL-GA Exec Avg (s) | G10: Time Change | H10: GA TotalDistance Avg | I10: RL-GA TotalDistance Avg | J10: Distance Improvement | K10: Winner
A11: 1 | B11: =Results!C2 -> 38.267402 | C11: =Results!C3 -> 37.457802 | D11: =B11-C11 -> 0.80960029 | E11: =Results!G2 -> 212.28428 | F11: =Results!G3 -> 249.1539 | G11: =F11-E11 -> 36.86962 | H11: =Results!I2 -> 36.690276 | I11: =Results!I3 -> 36.084225 | J11: =H11-I11 -> 0.60605039 | K11: =IF(D11>0,"RL-GA",IF(D11<0,"GA","Tie")) -> RL-GA
A12: 2 | B12: =Results!C4 -> 31.725278 | C12: =Results!C5 -> 33.329674 | D12: =B12-C12 -> -1.604396 | E12: =Results!G4 -> 212.76933 | F12: =Results!G5 -> 224.17802 | G12: =F12-E12 -> 11.408691 | H12: =Results!I4 -> 30.19391 | I12: =Results!I5 -> 31.949614 | J12: =H12-I12 -> -1.7557041 | K12: =IF(D12>0,"RL-GA",IF(D12<0,"GA","Tie")) -> GA
A13: 3 | B13: =Results!C6 -> 34.952611 | C13: =Results!C7 -> 32.959892 | D13: =B13-C13 -> 1.9927187 | E13: =Results!G6 -> 217.81724 | F13: =Results!G7 -> 267.11717 | G13: =F13-E13 -> 49.299938 | H13: =Results!I6 -> 33.250786 | I13: =Results!I7 -> 31.458866 | J13: =H13-I13 -> 1.79192 | K13: =IF(D13>0,"RL-GA",IF(D13<0,"GA","Tie")) -> RL-GA
A14: 4 | B14: =Results!C8 -> 32.615643 | C14: =Results!C9 -> 28.434667 | D14: =B14-C14 -> 4.1809759 | E14: =Results!G8 -> 212.83435 | F14: =Results!G9 -> 259.65101 | G14: =F14-E14 -> 46.816657 | H14: =Results!I8 -> 31.239392 | I14: =Results!I9 -> 26.910608 | J14: =H14-I14 -> 4.328784 | K14: =IF(D14>0,"RL-GA",IF(D14<0,"GA","Tie")) -> RL-GA
A15: 5 | B15: =Results!C10 -> 40.465703 | C15: =Results!C11 -> 38.358474 | D15: =B15-C15 -> 2.1072293 | E15: =Results!G10 -> 211.47823 | F15: =Results!G11 -> 233.33975 | G15: =F15-E15 -> 21.861518 | H15: =Results!I10 -> 38.814378 | I15: =Results!I11 -> 36.699191 | J15: =H15-I15 -> 2.1151867 | K15: =IF(D15>0,"RL-GA",IF(D15<0,"GA","Tie")) -> RL-GA
A16: 6 | B16: =Results!C12 -> 35.19531 | C16: =Results!C13 -> 37.158593 | D16: =B16-C16 -> -1.9632835 | E16: =Results!G12 -> 204.70212 | F16: =Results!G13 -> 250.06601 | G16: =F16-E16 -> 45.363894 | H16: =Results!I12 -> 33.62366 | I16: =Results!I13 -> 35.492233 | J16: =H16-I16 -> -1.8685727 | K16: =IF(D16>0,"RL-GA",IF(D16<0,"GA","Tie")) -> GA
A17: 7 | B17: =Results!C14 -> 32.792286 | C17: =Results!C15 -> 32.451008 | D17: =B17-C17 -> 0.34127715 | E17: =Results!G14 -> 212.92133 | F17: =Results!G15 -> 260.50104 | G17: =F17-E17 -> 47.579708 | H17: =Results!I14 -> 31.3092 | I17: =Results!I15 -> 30.805682 | J17: =H17-I17 -> 0.50351837 | K17: =IF(D17>0,"RL-GA",IF(D17<0,"GA","Tie")) -> RL-GA
A18: 8 | B18: =Results!C16 -> 35.808293 | C18: =Results!C17 -> 34.903414 | D18: =B18-C18 -> 0.9048785 | E18: =Results!G16 -> 207.90914 | F18: =Results!G17 -> 251.58197 | G18: =F18-E18 -> 43.672829 | H18: =Results!I16 -> 34.084636 | I18: =Results!I17 -> 33.118161 | J18: =H18-I18 -> 0.96647507 | K18: =IF(D18>0,"RL-GA",IF(D18<0,"GA","Tie")) -> RL-GA
A19: 9 | B19: =Results!C18 -> 35.736873 | C19: =Results!C19 -> 35.740247 | D19: =B19-C19 -> -0.0033741808 | E19: =Results!G18 -> 213.68817 | F19: =Results!G19 -> 238.64075 | G19: =F19-E19 -> 24.952586 | H19: =Results!I18 -> 34.076711 | I19: =Results!I19 -> 34.36515 | J19: =H19-I19 -> -0.28843909 | K19: =IF(D19>0,"RL-GA",IF(D19<0,"GA","Tie")) -> GA
A20: 10 | B20: =Results!C20 -> 34.994588 | C20: =Results!C21 -> 30.00473 | D20: =B20-C20 -> 4.9898586 | E20: =Results!G20 -> 214.37779 | F20: =Results!G21 -> 245.36179 | G20: =F20-E20 -> 30.984001 | H20: =Results!I20 -> 33.510805 | I20: =Results!I21 -> 28.611431 | J20: =H20-I20 -> 4.8993741 | K20: =IF(D20>0,"RL-GA",IF(D20<0,"GA","Tie")) -> RL-GA
