Workbook

Sheet LS100
A1: Problem | B1: Algorithm | C1: BestFitness_Avg | D1: BestFitness_Std | E1: BestFitness_Min | F1: BestFitness_Max | G1: ExecutionTime_Avg_s | H1: ExecutionTime_Std_s | I1: TotalDistance_Avg | J1: TotalDistance_Std
A2: 1 | B2: GA | C2: 38.0731 | D2: 2.5671 | E2: 35.4116 | F2: 40.5339 | G2: 507.0354 | H2: 8.0663 | I2: 36.484 | J2: 2.5246
A3: 1 | B3: RL-GA | C3: 37.6587 | D3: 2.2401 | E3: 35.1665 | F3: 39.5047 | G3: 268.4071 | H3: 12.2983 | I3: 35.9457 | J3: 1.9212
A4: 2 | B4: GA | C4: 32.5898 | D4: 1.1649 | E4: 31.6293 | F4: 33.8856 | G4: 497.7901 | H4: 24.4532 | I4: 31.0327 | J4: 1.0696
A5: 2 | B5: RL-GA | C5: 36.1445 | D5: 4.792 | E5: 30.8626 | F5: 40.2137 | G5: 263.5893 | H5: 22.7398 | I5: 34.5 | J5: 4.5634
A6: 3 | B6: GA | C6: 32.5818 | D6: 1.7364 | E6: 30.6034 | F6: 33.8525 | G6: 507.7321 | H6: 10.2765 | I6: 30.9917 | J6: 1.5906
A7: 3 | B7: RL-GA | C7: 34.5824 | D7: 3.4523 | E7: 30.9495 | F7: 37.8201 | G7: 267.1864 | H7: 22.6772 | I7: 33.0145 | J7: 3.4081
A8: 4 | B8: GA | C8: 29.7704 | D8: 2.9006 | E8: 26.8652 | F8: 32.6664 | G8: 496.3909 | H8: 19.0413 | I8: 28.4925 | J8: 2.8563
A9: 4 | B9: RL-GA | C9: 30.6594 | D9: 5.7481 | E9: 25.2872 | F9: 36.7212 | G9: 239.6397 | H9: 21.9425 | I9: 29.0737 | J9: 5.4586
A10: 5 | B10: GA | C10: 36.3615 | D10: 1.5053 | E10: 34.7518 | F10: 37.7344 | G10: 492.9938 | H10: 13.5155 | I10: 34.8369 | J10: 1.4649
A11: 5 | B11: RL-GA | C11: 39.96 | D11: 5.4306 | E11: 33.8044 | F11: 44.0735 | G11: 238.6811 | H11: 14.7189 | I11: 38.3014 | J11: 5.3592
A12: 6 | B12: GA | C12: 34.1021 | D12: 1.4669 | E12: 33.1046 | F12: 35.7864 | G12: 489.5894 | H12: 19.132 | I12: 32.5565 | J12: 1.6319
A13: 6 | B13: RL-GA | C13: 34.6169 | D13: 2.0742 | E13: 32.5621 | F13: 36.71 | G13: 244.7428 | H13: 33.6977 | I13: 33.151 | J13: 1.8934
... A21: 10 | B21: RL-GA | C21: 32.5062 | D21: 3.6792 | E21: 28.6492 | F21: 35.9771 | G21: 267.7928 | H21: 18.9421 | I21: 30.9691 | J21: 3.5622

Sheet LS10
A1: Problem | B1: Algorithm | C1: BestFitness_Avg | D1: BestFitness_Std | E1: BestFitness_Min | F1: BestFitness_Max | G1: ExecutionTime_Avg_s | H1: ExecutionTime_Std_s | I1: TotalDistance_Avg | J1: TotalDistance_Std
A2: 1 | B2: GA | C2: 38.267402 | D2: 0.94360821 | E2: 37.198745 | F2: 38.985784 | G2: 214.36723 | H2: 6.7035277 | I2: 36.690276 | J2: 1.0874656
A3: 1 | B3: RL-GA | C3: 38.448876 | D3: 5.3202603 | E3: 33.818979 | F3: 44.26071 | G3: 278.64855 | H3: 10.308836 | I3: 36.91001 | J3: 5.3244566
A4: 2 | B4: GA | C4: 31.725278 | D4: 1.4366319 | E4: 30.744176 | F4: 33.374272 | G4: 215.4668 | H4: 6.7027527 | I4: 30.19391 | J4: 1.1645404
A5: 2 | B5: RL-GA | C5: 30.88868 | D5: 1.0462324 | E5: 30.16473 | F5: 32.088226 | G5: 277.19233 | H5: 12.943973 | I5: 29.308844 | J5: 1.1935838
A6: 3 | B6: GA | C6: 34.952611 | D6: 0.18208816 | E6: 34.820092 | F6: 35.160239 | G6: 219.81425 | H6: 3.2382959 | I6: 33.250786 | J6: 0.060015833
A7: 3 | B7: RL-GA | C7: 34.931792 | D7: 2.3117528 | E7: 32.657438 | F7: 37.279211 | G7: 274.05657 | H7: 12.277104 | I7: 33.378783 | J7: 2.2679488
A8: 4 | B8: GA | C8: 32.615643 | D8: 1.7463426 | E8: 30.624495 | F8: 33.887278 | G8: 211.32435 | H8: 2.4798874 | I8: 31.239392 | J8: 1.6478152
A9: 4 | B9: RL-GA | C9: 27.818453 | D9: 1.7684377 | E9: 25.785916 | F9: 29.004922 | G9: 258.18569 | H9: 28.082538 | I9: 26.455585 | J9: 1.7222084
A10: 5 | B10: GA | C10: 40.465703 | D10: 1.7384556 | E10: 39.38695 | F10: 42.471179 | G10: 210.95992 | H10: 4.4411884 | I10: 38.814378 | J10: 1.8765533
A11: 5 | B11: RL-GA | C11: 37.253085 | D11: 2.2680909 | E11: 35.838013 | F11: 39.869132 | G11: 259.82743 | H11: 16.894665 | I11: 35.754172 | J11: 2.1958824
A12: 6 | B12: GA | C12: 35.19531 | D12: 2.662216 | E12: 32.123216 | F12: 36.826615 | G12: 204.0816 | H12: 2.5113843 | I12: 33.62366 | J12: 2.6381181
A13: 6 | B13: RL-GA | C13: 34.667438 | D13: 0.9992396 | E13: 34.04193 | F13: 35.819855 | G13: 244.69991 | H13: 24.270197 | I13: 33.284484 | J13: 0.95142908
... A21: 10 | B21: RL-GA | C21: 35.419846 | D21: 3.0235997 | E21: 31.962451 | F21: 37.569223 | G21: 262.77408 | H21: 34.957742 | I21: 34.05812 | J21: 2.9369389

Sheet Combined
A1: Problem | B1: Algorithm | C1: BestFitness_Avg | D1: BestFitness_Std | E1: BestFitness_Min | F1: BestFitness_Max | G1: ExecutionTime_Avg_s | H1: ExecutionTime_Std_s | I1: TotalDistance_Avg | J1: TotalDistance_Std
A2: 1 | B2: GA10 | C2: ='LS10'!C2 -> 38.267402 | D2: ='LS10'!D2 -> 0.94360821 | E2: ='LS10'!E2 -> 37.198745 | F2: ='LS10'!F2 -> 38.985784 | G2: ='LS10'!G2 -> 214.36723 | H2: ='LS10'!H2 -> 6.7035277 | I2: ='LS10'!I2 -> 36.690276 | J2: ='LS10'!J2 -> 1.0874656
A3: 1 | B3: GA100
A4: 1 | B4: RL-GA
A5: 2 | B5: GA10 | C5: ='LS10'!C4 -> 31.725278 | D5: ='LS10'!D4 -> 1.4366319 | E5: ='LS10'!E4 -> 30.744176 | F5: ='LS10'!F4 -> 33.374272 | G5: ='LS10'!G4 -> 215.4668 | H5: ='LS10'!H4 -> 6.7027527 | I5: ='LS10'!I4 -> 30.19391 | J5: ='LS10'!J4 -> 1.1645404
A6: 2 | B6: GA100
A7: 2 | B7: RL-GA
A8: 3 | B8: GA10 | C8: ='LS10'!C6 -> 34.952611 | D8: ='LS10'!D6 -> 0.18208816 | E8: ='LS10'!E6 -> 34.820092 | F8: ='LS10'!F6 -> 35.160239 | G8: ='LS10'!G6 -> 219.81425 | H8: ='LS10'!H6 -> 3.2382959 | I8: ='LS10'!I6 -> 33.250786 | J8: ='LS10'!J6 -> 0.060015833
A9: 3 | B9: GA100
A10: 3 | B10: RL-GA
A11: 4 | B11: GA10
A12: 4 | B12: GA100
A13: 4 | B13: RL-GA
A14: 5 | B14: GA10
A15: 5 | B15: GA100
A16: 5 | B16: RL-GA
A17: 6 | B17: GA10
A18: 6 | B18: GA100
A19: 6 | B19: RL-GA
A20: 7 | B20: GA10
... A31: 10 | B31: RL-GA
